{"cameraMode":{"drawMode":0,"name":"Shaded","section":"Shading Mode"},"sceneLighting":true,"audioPlay":false,"sceneViewState":{"showFog":true,"showMaterialUpdate":false,"showSkybox":true,"showFlares":true,"showImageEffects":true,"showParticleSystems":true},"in2DMode":false,"pivot":{"x":15.278244018554688,"y":63.34492492675781,"z":-126.23052978515625},"rotation":{"x":-0.18189185857772828,"y":0.17739173769950868,"z":-0.033380717039108279,"w":-0.9666091799736023},"size":-0.6044496297836304,"orthographic":false}